No,Type,Refit,Concentration,Grid,Features,Layer,X,Y,Material,MXL(mm),MXW(mm),MXT(mm),Weight(g),Mat_no,Memo,MF
1 ,FL,,,X-19（E）,,,,,SH,20 ,25 ,4 ,2 ,,,0 
3 ,CH,,,I-25（E）,,埋土,,,SH,14 ,18 ,5 ,1 ,13 ,,0 
4 ,CH,,,I-25（E）,,,,,SH,17 ,19 ,2 ,1 ,5 ,,0 
6 ,BL,,,I-25（E）,,埋土,,,SH,32 ,16 ,3 ,2 ,,,0 
7 ,RF,1 ,,I-40（E）,,埋土,,,SH,15 ,22 ,5 ,1 ,1 ,,1 
9 ,FL,,,P-21（E）,,埋土,,,?,32 ,30 ,8 ,8 ,,,0 
10 ,FL,,,P-21（E）,,埋土,,,SH,30 ,20 ,4 ,2 ,,,0 
11 ,FL,,,P-22（E）,,埋土,,,SH,25 ,18 ,3 ,1 ,,,0 
12 ,CH,,,G-30（E）,,埋土,,,SH,18 ,12 ,2 ,0 ,,,0 
13 ,CH,,,L-37（E）,,埋土,,,SH,10 ,13 ,2 ,0 ,,,0 
14 ,FL,,,P-22（E）,,埋土,,,SH,22 ,25 ,3 ,1 ,,,0 
15 ,RF,,,P-21（E）,,埋土,,,SH,61 ,27 ,12 ,16 ,,,0 
16 ,FL,,,P-22（E）,,埋土,,,SH,26 ,17 ,2 ,1 ,,,0 
17 ,CH,,,J-38（E）,,埋土,,,SH,16 ,15 ,2 ,0 ,,,0 
19 ,FL,,,F-29（E）,,埋土,,,SH,25 ,16 ,2 ,0 ,,,0 
20 ,CH,,3 ,M-38（E）,,,,,SH,10 ,14 ,3 ,0 ,,,0 
21 ,FL,6 ,3 ,M-38（E）,,,,,SH,,,,,3 ,,0 
22 ,FL,24 ,3 ,M-38（E）,,,,,SH,39 ,22 ,10 ,6 ,16 ,,0 
24 ,RF,,3 ,M-38（E）,,,,,SH,31 ,29 ,6 ,3 ,16 ,,1 
25 ,FL,26 ,3 ,M-38（E）,,,,,SH,33 ,26 ,9 ,7 ,16 ,,0 
26 ,CO,,,N-32（E）,,,,,SH,35 ,44 ,28 ,,12 ,,0 
27 ,RBL,,3 ,M-38（E）,,,,,SH,100 ,39 ,14 ,44 ,23 ,,1 
28 ,CH,,,M-42（E）,,,,,SH,20 ,14 ,2 ,0 ,,,0 
29 ,FL,,3 ,M-38（E）,,,,,SH,59 ,36 ,9 ,15 ,,,0 
30 ,CH,1 ,3 ,M-38（E）,,,,,SH,17 ,18 ,5 ,1 ,1 ,,0 
31 ,FL,26 ,3 ,M-38（E）,,,,,SH,32 ,18 ,8 ,4 ,16 ,,0 
32 ,CH,,3 ,M-38（E）,,,,,SH,12 ,12 ,2 ,0 ,16 ,,0 
33 ,CH,,3 ,M-38（E）,,,,,SH,9 ,8 ,4 ,0 ,,,0 
34 ,FL,,3 ,M-38（E）,,,,,SH,42 ,61 ,13 ,29 ,,,1 
35 ,FL,1 ,3 ,M-38（E）,,,,,SH,62 ,58 ,23 ,68 ,1 ,,1 
36 ,FL,,3 ,M-38（E）,,,,,SH,18 ,21 ,5 ,2 ,16 ,,0 
37 ,CH,,3 ,M-38（E）,,,,,SH,15 ,8 ,2 ,0 ,16 ,,0 
38 ,FL,1 ,3 ,M-38（E）,,,,,SH,26 ,30 ,6 ,3 ,1 ,,0 
39 ,FL,26 ,3 ,M-38（E）,,,,,SH,30 ,32 ,9 ,8 ,16 ,,0 
40 ,RF,,3 ,M-38（E）,,,,,SH,53 ,21 ,11 ,9 ,13 ,,0 
41 ,FL,5 ,3 ,M-38（E）,,,,,SH,,,,,3 ,,0 
42 ,FL,,3 ,M-38（E）,,,,,SH,30 ,55 ,14 ,25 ,,,0 
43 ,RF,,3 ,M-38（E）,,,,,SH,18 ,19 ,5 ,2 ,16 ,,0 
44 ,CO,10 ,3 ,M-38（E）,,,,,SH,67 ,47 ,11 ,38 ,4 ,,0 
45 ,RF,24 ,3 ,M-38（E）,,,,,SH,38 ,37 ,13 ,11 ,16 ,,1 
46 ,FL,1 ,3 ,M-38（E）,,,,,SH,24 ,35 ,10 ,6 ,1 ,,0 
47 ,FL,27 ,3 ,M-38（E）,,,,,SH,22 ,14 ,6 ,1 ,16 ,,0 
48 ,FL,4 ,3 ,M-38（E）,,,,,SH,,,,,3 ,,0 
49 ,CH,,3 ,M-38（E）,,,,,SH,13 ,10 ,6 ,1 ,,,0 
50 ,FL,1 ,3 ,M-38（E）,,,,,SH,63 ,53 ,22 ,52 ,1 ,,1 
51 ,FL,,3 ,M-38（E）,,,,,SH,27 ,22 ,5 ,1 ,,,0 
52 ,FL,5 ,3 ,M-38（E）,,,,,SH,,,,,3 ,,0 
53 ,RBL,,3 ,M-38（E）,,,,,SH,44 ,32 ,13 ,21 ,11 ,,0 
54 ,BL,,3 ,M-38（E）,,,,,SH,43 ,32 ,11 ,14 ,15 ,,0 
55 ,FL,3 ,3 ,M-38（E）,,,,,SH,23 ,31 ,5 ,2 ,3 ,,1 
56 ,CH,,3 ,M-38（E）,,,,,SH,14 ,6 ,2 ,0 ,,,0 
58 ,FL,22 ,3 ,M-38（E）,,,,,SH,46 ,32 ,8 ,8 ,13 ,,0 
59 ,RF,5 ,3 ,M-38（E）,,,,,SH,,,,,3 ,,0 
60 ,SP,,3 ,M-38（E）,,,,,SH,16 ,6 ,4 ,0 ,,,0 
62 ,CH,,,O-40（E）,,,,,SH,12 ,14 ,2 ,0 ,,,0 
63 ,FL,1 ,,L-38（E）,,埋土,,,SH,28 ,20 ,5 ,2 ,1 ,,1 
64 ,RF,,,L-38（E）,,埋土,,,SH,65 ,35 ,9 ,18 ,,,1 
65 ,CH,,3 ,M-39（E）,,埋土,,,TS,20 ,15 ,2 ,1 ,,,0 
66 ,FL,,3 ,M-39（E）,,,,,SH,22 ,27 ,7 ,3 ,,,0 
67 ,RF,,3 ,M-39（E）,,埋土,,,SH,21 ,19 ,6 ,2 ,,,0 
68 ,CH,,3 ,M-39（E）,,埋土,,,SH,13 ,14 ,2 ,0 ,,,0 
71 ,FL,,,N-32（E）,,埋土,,,SH,25 ,26 ,10 ,3 ,,,0 
72 ,FL,,,N-32（E）,,埋土,,,SH,46 ,44 ,10 ,17 ,3 ,,0 
73 ,BL,,,N-32（E）,,埋土,,,SH,59 ,37 ,10 ,17 ,26 ,,1 
74 ,BL,,,N-32（E）,,埋土,,,SH,61 ,32 ,8 ,11 ,27 ,,0 
75 ,FL,,,N-32（E）,,埋土,,,SH,15 ,23 ,6 ,3 ,16 ,,0 
76 ,FL,,,G-32（E）,,,,,SH,26 ,32 ,5 ,4 ,,,0 
78 ,FL,,,I-35（E）,,埋土,,,TF,34 ,29 ,8 ,6 ,,,0 
79 ,CH,,,E-27（E）,,埋土,,,SH,16 ,10 ,1 ,0 ,,,0 
80 ,FL,,,N-23（E）,,埋土,,,?,49 ,28 ,8 ,12 ,,,0 
81 ,CH,,,P-20（E）,,埋土,,,SH,13 ,12 ,4 ,1 ,,,0 
82 ,BL,,,P-39（E）,,Y3,,,SH,105 ,37 ,10 ,30 ,28 ,,1 
83 ,FL,13 ,,G-35（E）,,Y4,,,SH,34 ,48 ,19 ,9 ,5 ,,0 
85 ,FL,,,N-35（E）,,Y3,,,SH,19 ,21 ,3 ,1 ,,,0 
86 ,RBL,,,O-39（E）,,Y5M,,,SH,71 ,41 ,8 ,23 ,24 ,,1 
87 ,FL,,,O-34（E）,,Y3,,,SH,56 ,32 ,14 ,21 ,12 ,,0 
88 ,FL,,3 ,M-38（E）,,,,,SH,27 ,23 ,5 ,4 ,15 ,,0 
89 ,FL,,,E,,表採,,,?,43 ,27 ,9 ,6 ,,,0 
91 ,FL,,,E,,表採,,,Sandstone,28 ,22 ,8 ,4 ,,,0 
92 ,FL,,,E,,表採,,,?,22 ,17 ,5 ,1 ,,,0 
93 ,FL,,,E,,表採,,,SH,35 ,29 ,6 ,5 ,,,0 
94 ,FL,,,E,,表採,,,SH,15 ,22 ,3 ,1 ,,,0 
95 ,CH,,,E,,表採,,,SH,13 ,13 ,2 ,1 ,,,0 
96 ,CH,,,E,,表採,,,SH,12 ,20 ,3 ,0 ,,,0 
97 ,FL,,,E,,表採,,,SH,20 ,17 ,4 ,1 ,,,0 
98 ,SP,11 ,,E,,表採,,,SH,23 ,11 ,9 ,2 ,5 ,,0 
99 ,FL,,,E,,表採,,,SH,41 ,24 ,5 ,5 ,,,0 
101 ,CH,,,E,,表採,,,?,16 ,18 ,6 ,1 ,,,1 
102 ,FL,,,E,,表採,,,TS,13 ,20 ,1 ,0 ,,,0 
103 ,FL,,,E,,表採,,,TS,18 ,21 ,3 ,1 ,,,0 
104 ,FL,,,E,,表採,,,TF,47 ,38 ,8 ,12 ,,,0 
105 ,FL,,,E,,表採,,,SH,28 ,20 ,5 ,3 ,,,0 
106 ,FL,,,E,,表採,,,SH,36 ,44 ,3 ,5 ,,,0 
107 ,RF,,,E,,表採,,,SH,44 ,39 ,13 ,18 ,,,0 
109 ,CO,,,E,,表採,,,?,20 ,44 ,18 ,14 ,,,0 
110 ,FL,,,E,,表採,,,SH,30 ,1 ,8 ,3 ,10 ,,0 
111 ,CH,,,E,,表採,,,TU,16 ,19 ,3 ,1 ,,,0 
113 ,RF,,,E,,表採,,,SH,21 ,18 ,3 ,1 ,,,0 
114 ,RF,,,E,,,,,SH,3 ,2 ,2 ,3 ,2 ,,1 
117 ,FL,,,E,,表採,,,TF,27 ,30 ,8 ,5 ,,,0 
119 ,RF,,,E,,表採,,,TF,22 ,22 ,3 ,1 ,,,0 
120 ,FL,,,E,,表採,,,CL,22 ,15 ,9 ,4 ,,,0 
121 ,FL,,,E,,表採,,,SH,28 ,14 ,4 ,1 ,,,0 
122 ,CH,,,E,,表採,,,?,19 ,24 ,5 ,2 ,,,0 
123 ,FL,,,E,,表採,,,SH,29 ,31 ,10 ,9 ,9 ,,0 
124 ,CH,,,E,,表採,,,SH,17 ,20 ,2 ,1 ,,,0 
126 ,CH,,,C-46（E）,,表採,,,TF,18 ,19 ,7 ,1 ,,,0 
127 ,CH,,,E,,表採,,,SH,12 ,11 ,2 ,0 ,,,0 
128 ,CH,,,E,,表採,,,SH,17 ,19 ,5 ,1 ,,,0 
129 ,BL,,,E,,表採,,,TF,182 ,55 ,15 ,146 ,,,1 
136 ,SP,11 ,1 ,K-36（E）,,Y3,2181 ,202 ,SH,55 ,23 ,9 ,8 ,5 ,,1 
137 ,SP,15 ,1 ,K-36（E）,,Y3,2068 ,173 ,SH,31 ,15 ,9 ,3 ,5 ,,0 
138 ,RF,2 ,1 ,K-36（E）,,Y3,2102 ,178 ,SH,30 ,31 ,7 ,4 ,2 ,,1 
139 ,CO,23 ,1 ,K-36（E）,,Y3,2087 ,167 ,SH,47 ,47 ,14 ,29 ,14 ,,0 
140 ,FL,,1 ,K-36（E）,,Y3,2072 ,148 ,SH,21 ,23 ,4 ,2 ,,,0 
141 ,CO,2 ,1 ,K-36（E）,,Y3,2052 ,131 ,SH,31 ,39 ,15 ,13 ,2 ,,0 
142 ,SP,11 ,1 ,K-36（E）,,Y3,1996 ,131 ,SH,63 ,16 ,6 ,11 ,5 ,,1 
143 ,SP,2 ,1 ,K-36（E）,,Y3,2154 ,143 ,SH,36 ,17 ,7 ,4 ,2 ,,1 
144 ,RF,14 ,1 ,K-36（E）,,Y3,2149 ,126 ,SH,39 ,45 ,7 ,8 ,5 ,,0 
145 ,FL,17 ,1 ,K-36（E）,,Y3,2147 ,120 ,SH,29 ,39 ,6 ,6 ,7 ,,0 
146 ,RF,,1 ,K-36（E）,,Y3,2139 ,113 ,SH,51 ,27 ,10 ,9 ,8 ,,0 
147 ,FL,11 ,1 ,K-36（E）,,Y3,2162 ,107 ,SH,23 ,44 ,9 ,4 ,5 ,,1 
148 ,FL,17 ,1 ,K-36（E）,,Y3,2100 ,111 ,SH,21 ,24 ,5 ,2 ,7 ,,0 
149 ,CO,2 ,1 ,K-36（E）,,Y3,2065 ,109 ,SH,31 ,44 ,10 ,14 ,2 ,,0 
150 ,SP,2 ,1 ,K-36（E）,,Y3,2046 ,100 ,SH,46 ,15 ,5 ,4 ,2 ,,1 
151 ,FL,15 ,1 ,K-36（E）,,Y3,2057 ,72 ,SH,28 ,24 ,6 ,2 ,5 ,,0 
152 ,FL,15 ,1 ,K-36（E）,,Y3,2009 ,65 ,SH,38 ,52 ,9 ,12 ,5 ,,0 
153 ,FL,23 ,1 ,K-36（E）,,Y3,1974 ,57 ,SH,23 ,25 ,4 ,2 ,14 ,,0 
154 ,CO,17 ,1 ,K-36（E）,,Y3,2003 ,41 ,SH,55 ,42 ,15 ,25 ,7 ,,1 
155 ,RF,,1 ,K-36（E）,,Y3,2050 ,15 ,SH,37 ,25 ,7 ,6 ,,,0 
156 ,CO,17 ,1 ,K-36（E）,,Y3,2111 ,35 ,SH,41 ,37 ,22 ,33 ,7 ,,0 
157 ,CO,16 ,1 ,K-36（E）,,Y3,2096 ,2 ,SH,14 ,31 ,38 ,14 ,6 ,,0 
158 ,FL,16 ,1 ,K-36（E）,,Y3,2184 ,77 ,SH,38 ,27 ,11 ,8 ,6 ,,0 
159 ,FL,17 ,1 ,K-36（E）,,Y3,2173 ,71 ,SH,42 ,33 ,8 ,15 ,7 ,,1 
160 ,PI,17 ,1 ,K-36（E）,,Y3,2165 ,23 ,SH,32 ,40 ,16 ,18 ,7 ,,0 
161 ,FL,16 ,1 ,K-36（E）,,Y3,2217 ,34 ,SH,23 ,23 ,5 ,2 ,6 ,,0 
162 ,FL,23 ,1 ,J-36（E）,,Y3,2147 ,(11),SH,17 ,24 ,3 ,1 ,14 ,,0 
163 ,CO,17 ,1 ,J-36（E）,,Y3,2229 ,(23),SH,66 ,38 ,14 ,27 ,7 ,,1 
164 ,FL,,1 ,J-36（E）,,Y3,2233 ,(32),SH,21 ,24 ,9 ,3 ,5 ,,0 
165 ,CO,23 ,1 ,J-36（E）,,Y3,2227 ,(80),SH,38 ,48 ,11 ,19 ,14 ,,0 
166 ,FL,,1 ,J-36（E）,,Y3,2225 ,(94),SH,19 ,21 ,3 ,2 ,7 ,,0 
167 ,FL,23 ,1 ,J-36（E）,,Y3,2165 ,(66),SH,17 ,27 ,5 ,2 ,14 ,,1 
168 ,FL,23 ,1 ,J-36（E）,,Y3,2146 ,(130),SH,20 ,27 ,14 ,2 ,14 ,,0 
169 ,FL,17 ,1 ,J-36（E）,,Y3,2078 ,(105),SH,21 ,27 ,4 ,2 ,7 ,,1 
170 ,FL,,1 ,J-36（E）,,Y3,2074 ,(121),SH,26 ,33 ,7 ,5 ,5 ,,1 
171 ,FL,23 ,1 ,J-36（E）,,Y3,2051 ,(109),SH,17 ,27 ,11 ,3 ,14 ,,0 
172 ,FL,,1 ,J-36（E）,,Y3,2023 ,(94),SH,21 ,23 ,3 ,1 ,3 ,,0 
173 ,FL,,1 ,J-36（E）,,Y3,1989 ,(55),SH,23 ,17 ,7 ,1 ,,,0 
174 ,KN,,1 ,J-36（E）,,Y3,1928 ,(129),SH,54 ,19 ,4 ,4 ,17 ,,0 
175 ,CO,23 ,1 ,J-36（E）,,Y3,1982 ,(150),SH,54 ,43 ,13 ,20 ,14 ,,0 
176 ,FL,23 ,1 ,J-36（E）,,Y3,2060 ,(249),SH,41 ,12 ,9 ,4 ,14 ,,0 
177 ,FL,8 ,1 ,J-36（E）,,Y3,2117 ,(188),SH,26 ,26 ,4 ,2 ,3 ,,0 
178 ,FL,,1 ,J-36（E）,,Y3,2182 ,(133),SH,21 ,24 ,3 ,1 ,5 ,,0 
180 ,FL,,1 ,J-36（E）,,Y3,2208 ,(222),SH,,,,,5 ,,0 
181 ,CH,,1 ,J-36（E）,,Y3,2242 ,(249),SH,18 ,15 ,2 ,1 ,,,0 
182 ,RF,16 ,1 ,J-36（E）,,Y3,2225 ,(274),SH,22 ,20 ,9 ,3 ,6 ,,0 
183 ,SP,2 ,1 ,J-35（E）,,Y3,2339 ,(299),SH,21 ,9 ,8 ,1 ,2 ,,1 
184 ,KN,,1 ,J-35（E）,,Y3,2303 ,(356),SH,24 ,16 ,3 ,1 ,18 ,,0 
185 ,CO,17 ,1 ,J-36（E）,,Y3,2206 ,(367),SH,63 ,37 ,17 ,31 ,7 ,,0 
186 ,FL,,1 ,J-36（E）,,Y3,2116 ,(392),SH,27 ,18 ,3 ,1 ,11 ,,0 
187 ,FL,,1 ,J-36（E）,,Y3,2068 ,(445),SH,50 ,35 ,16 ,30 ,7 ,,0 
188 ,FL,,1 ,J-36（E）,,Y3,2060 ,(459),SH,23 ,20 ,5 ,1 ,,,0 
189 ,FL,2 ,1 ,J-36（E）,,Y3,2273 ,(443),SH,22 ,22 ,5 ,1 ,2 ,,0 
193 ,KN,,2 ,J-38（E）,,Y3,366 ,(134),SH,91 ,35 ,15 ,36 ,19 ,,1 
194 ,CO,,2 ,K-38（E）,,Y3,395 ,66 ,SH,50 ,36 ,17 ,23 ,,,1 
195 ,RF,,2 ,K-38（E）,,Y3,598 ,116 ,SH,54 ,51 ,8 ,21 ,,,1 
196 ,BL,,2 ,K-37（E）,,Y3,832 ,223 ,SH,54 ,35 ,11 ,23 ,15 ,,1 
197 ,FL,,2 ,K-38（E）,,Y3,640 ,244 ,SH,43 ,40 ,15 ,17 ,3 ,,0 
198 ,FL,7 ,2 ,K-38（E）,,Y3,,,SH,,,,,3 ,,0 
199 ,FL,,2 ,K-38（E）,,Y3,585 ,197 ,SH,31 ,42 ,7 ,7 ,12 ,,0 
200 ,FL,,2 ,K-38（E）,,Y3,492 ,239 ,SH,15 ,28 ,7 ,3 ,1 ,,1 
201 ,FL,7 ,2 ,K-38（E）,,Y3,406 ,247 ,SH,33 ,23 ,10 ,6 ,3 ,,0 
202 ,RF,,2 ,K-38（E）,,Y3,251 ,255 ,SH,57 ,27 ,9 ,9 ,,,1 
203 ,FL,,2 ,K-38（E）,,Y3,238 ,316 ,SH,27 ,21 ,10 ,4 ,12 ,,0 
204 ,FL,,2 ,K-38（E）,,Y3,240 ,355 ,SH,26 ,19 ,9 ,4 ,3 ,,1 
205 ,FL,7 ,2 ,K-38（E）,,Y3,446 ,349 ,SH,,,,,3 ,,0 
206 ,SS,21 ,2 ,K-38（E）,,Y3,424 ,379 ,SH,61 ,50 ,10 ,22 ,12 ,,1 
207 ,RBL,,2 ,K-38（E）,,Y3,502 ,290 ,SH,55 ,27 ,12 ,12 ,25 ,,1 
208 ,FL,,2 ,K-38（E）,,Y3,532 ,312 ,SH,55 ,37 ,14 ,18 ,3 ,,1 
209 ,PI,19 ,2 ,K-38（E）,,Y3,162 ,424 ,SH,35 ,21 ,6 ,4 ,10 ,,0 
210 ,KN,,2 ,K-38（E）,,Y3,232 ,413 ,SH,117 ,28 ,12 ,29 ,20 ,,1 
211 ,BL,,2 ,K-38（E）,,Y3,256 ,387 ,SH,112 ,35 ,14 ,55 ,29 ,,1 
212 ,SP,21 ,2 ,K-38（E）,,Y3,352 ,408 ,SH,28 ,18 ,7 ,3 ,12 ,,1 
213 ,FL,8 ,2 ,K-38（E）,,Y3,418 ,483 ,SH,37 ,25 ,7 ,4 ,3 ,,0 
214 ,FL,,2 ,K-38（E）,,Y3,443 ,456 ,SH,44 ,48 ,9 ,14 ,3 ,,1 
215 ,SS,,2 ,K-38（E）,,Y3,434 ,410 ,SH,20 ,21 ,7 ,3 ,,,0 
217 ,FL,,3 ,M-38（E）,,Y3,200 ,1580 ,SH,29 ,9 ,8 ,1 ,16 ,,0 
218 ,CH,26 ,3 ,M-38（E）,,Y3,114 ,1576 ,SH,16 ,19 ,7 ,2 ,16 ,,0 
219 ,FL,22 ,3 ,M-38（E）,,Y3,38 ,1571 ,SH,41 ,24 ,10 ,,13 ,,1 
220 ,FL,27 ,3 ,M-38（E）,,Y3,66 ,1645 ,SH,22 ,23 ,7 ,3 ,16 ,,0 
221 ,FL,3 ,3 ,M-38（E）,,Y3,30 ,1677 ,SH,29 ,40 ,10 ,8 ,3 ,,1 
222 ,FL,,3 ,M-38（E）,,Y3,70 ,1757 ,SH,43 ,26 ,12 ,7 ,3 ,,0 
223 ,ES,24 ,3 ,M-38（E）,,Y3,94 ,1881 ,SH,47 ,43 ,10 ,19 ,16 ,,1 
224 ,RF,,3 ,M-39（E）,,Y3,57 ,1858 ,SH,27 ,24 ,7 ,4 ,3 ,,1 
225 ,FL,,3 ,M-39（E）,,Y3,(25),1920 ,SH,43 ,55 ,14 ,18 ,13 ,,0 
226 ,FL,,3 ,M-39（E）,,Y3,(8),1811 ,SH,38 ,33 ,7 ,7 ,13 ,,1 
227 ,BL,,3 ,M-39（E）,,Y3,(27),1753 ,SH,47 ,34 ,12 ,25 ,30 ,,1 
228 ,FL,24 ,3 ,M-39（E）,,Y3,(80),1767 ,SH,40 ,34 ,13 ,17 ,16 ,,0 
229 ,FL,,3 ,M-39（E）,,Y3,(87),1705 ,SH,39 ,38 ,16 ,15 ,13 ,,0 
230 ,FL,,3 ,M-39（E）,,Y3,(169),1683 ,SH,20 ,22 ,10 ,2 ,16 ,,0 
231 ,FL,,3 ,M-39（E）,,Y3,(125),1653 ,SH,15 ,28 ,10 ,5 ,16 ,,0 
232 ,FL,10 ,3 ,M-39（E）,,Y3,(20),1673 ,SH,35 ,47 ,7 ,8 ,4 ,,1 
233 ,FL,,3 ,M-39（E）,,Y3,(16),1638 ,SH,35 ,29 ,6 ,6 ,1 ,,1 
234 ,PI,,3 ,M-39（E）,,Y3,(44),1655 ,SH,38 ,39 ,13 ,18 ,16 ,,0 
235 ,FL,4 ,3 ,M-39（E）,,Y3,(137),1594 ,SH,,,,,3 ,,0 
236 ,FL,6 ,3 ,M-39（E）,,Y3,(56),1602 ,SH,,,,,3 ,,0 
237 ,FL,,3 ,L-39（E）,,Y3,(169),1518 ,SH,46 ,41 ,15 ,25 ,13 ,,0 
238 ,FL,,3 ,L-39（E）,,Y3,(101),1494 ,SH,34 ,29 ,10 ,6 ,16 ,,0 
239 ,FL,1 ,3 ,L-39（E）,,Y3,(25),1515 ,SH,31 ,32 ,8 ,9 ,1 ,,1 
240 ,RF,24 ,3 ,L-39（E）,,Y3,57 ,1505 ,SH,32 ,41 ,9 ,11 ,16 ,,0 
241 ,FL,,1 ,K-38（E）,,Y3,1477 ,(662),SH,29 ,19 ,4 ,2 ,,,0 
242 ,RF,,1 ,K-38（E）,,Y3,1463 ,(281),SH,22 ,23 ,7 ,4 ,,,1 
243 ,PI,,2 ,K-38（E）,,Y3,736 ,113 ,SH,44 ,24 ,11 ,9 ,,,1 
244 ,CH,,2 ,K-38（E）,,Y3,700 ,104 ,SH,12 ,19 ,2 ,0 ,3 ,,0 
245 ,CH,,2 ,K-38（E）,,Y3,668 ,110 ,SH,11 ,8 ,3 ,0 ,,,0 
246 ,CH,,2 ,K-38（E）,,Y3,738 ,234 ,SH,14 ,8 ,3 ,0 ,,,0 
247 ,CH,,2 ,K-38（E）,,Y3,708 ,213 ,SH,13 ,12 ,2 ,0 ,,,0 
248 ,FL,,2 ,K-38（E）,,Y3,739 ,339 ,SH,34 ,23 ,7 ,5 ,3 ,,1 
249 ,FL,21 ,2 ,K-38（E）,,Y3,704 ,336 ,SH,39 ,44 ,13 ,21 ,12 ,,0 
250 ,CH,,2 ,K-38（E）,,Y3,618 ,370 ,SH,16 ,18 ,5 ,1 ,,,0 
251 ,CH,,2 ,K-38（E）,,Y3,592 ,372 ,SH,13 ,15 ,2 ,0 ,,,0 
252 ,CH,,2 ,K-38（E）,,Y3,562 ,371 ,SH,8 ,11 ,3 ,0 ,,,0 
253 ,CH,,2 ,K-38（E）,,Y3,531 ,367 ,SH,18 ,8 ,2 ,0 ,,,0 
254 ,RF,9 ,2 ,K-38（E）,,Y3,622 ,323 ,SH,25 ,14 ,5 ,1 ,1 ,,0 
255 ,FL,,2 ,K-38（E）,,Y3,592 ,323 ,SH,11 ,21 ,3 ,0 ,3 ,,0 
256 ,CH,,2 ,K-38（E）,,Y3,572 ,317 ,TS,14 ,14 ,6 ,1 ,,,0 
257 ,RF,,2 ,K-38（E）,,Y3,561 ,487 ,SH,20 ,17 ,4 ,1 ,3 ,,1 
258 ,ES,21 ,2 ,K-38（E）,,Y3,609 ,497 ,SH,48 ,34 ,14 ,22 ,12 ,,1 
259 ,FL,,2 ,K-38（E）,,Y3,429 ,208 ,SH,11 ,23 ,4 ,1 ,,,0 
260 ,CH,,2 ,K-38（E）,,Y3,491 ,375 ,SH,12 ,7 ,3 ,0 ,13 ,,0 
261 ,FL,21 ,2 ,K-38（E）,,Y3,469 ,374 ,SH,61 ,55 ,14 ,,12 ,,1 
262 ,CH,,1 ,J-36（E）,,Y3,2252 ,(124),SH,13 ,10 ,3 ,0 ,4 ,,0 
263 ,CH,,1 ,J-36（E）,,Y3,2111 ,(138),SH,20 ,9 ,3 ,0 ,14 ,,0 
264 ,CH,,1 ,J-36（E）,,Y3,2095 ,(152),SH,13 ,15 ,2 ,0 ,,,0 
265 ,FL,18 ,1 ,J-36（E）,,Y3,2084 ,(169),SH,26 ,12 ,5 ,1 ,9 ,,0 
266 ,CH,2 ,1 ,K-36（E）,,Y3,2146 ,59 ,SH,20 ,25 ,7 ,2 ,2 ,,1 
267 ,FL,2 ,1 ,K-36（E）,,Y3,2149 ,97 ,SH,25 ,18 ,6 ,3 ,2 ,,1 
268 ,FL,15 ,1 ,K-36（E）,,Y3,2082 ,62 ,SH,27 ,53 ,13 ,14 ,5 ,,0 
269 ,FL,14 ,1 ,K-36（E）,,Y3,2086 ,84 ,SH,36 ,41 ,14 ,11 ,5 ,,1 
270 ,RF,,1 ,K-36（E）,,Y3,2102 ,94 ,SH,22 ,8 ,2 ,0 ,,,0 
271 ,PI,19 ,1 ,K-36（E）,,Y3,2119 ,104 ,SH,34 ,25 ,9 ,5 ,10 ,,1 
272 ,CH,,1 ,K-36（E）,,Y3,2160 ,119 ,SH,18 ,19 ,9 ,2 ,,,0 
273 ,FL,2 ,1 ,K-36（E）,,Y3,2018 ,122 ,SH,31 ,30 ,13 ,8 ,2 ,,1 
274 ,FL,,1 ,K-36（E）,,Y3,2031 ,118 ,SH,14 ,23 ,4 ,1 ,7 ,,0 
275 ,FL,17 ,1 ,K-36（E）,,Y3,2016 ,106 ,SH,35 ,25 ,7 ,6 ,7 ,,0 
276 ,FL,11 ,1 ,K-36（E）,,Y3,2029 ,104 ,SH,52 ,35 ,10 ,14 ,5 ,,1 
277 ,PI,23 ,1 ,K-36（E）,,Y3,2117 ,133 ,SH,43 ,33 ,11 ,16 ,14 ,,0 
278 ,FL,17 ,1 ,K-36（E）,,Y3,2076 ,131 ,SH,25 ,37 ,5 ,5 ,7 ,,1 
279 ,PI,18 ,1 ,K-36（E）,,Y3,2112 ,167 ,SH,,,,,9 ,,0 
280 ,SP,2 ,1 ,K-36（E）,,Y3,2098 ,166 ,SH,38 ,23 ,5 ,2 ,2 ,,1 
281 ,CO,16 ,1 ,K-36（E）,,Y3,2062 ,165 ,SH,64 ,41 ,16 ,38 ,6 ,,0 
282 ,CH,,1 ,K-36（E）,,Y3,2042 ,119 ,SH,11 ,13 ,2 ,0 ,6 ,,0 
283 ,CH,,1 ,K-36（E）,,Y3,2073 ,118 ,SH,13 ,8 ,1 ,0 ,,,0 
284 ,FL,15 ,1 ,K-36（E）,,Y3,2053 ,100 ,SH,28 ,36 ,9 ,7 ,5 ,,0 
285 ,FL,23 ,1 ,K-36（E）,,Y3,2143 ,122 ,SH,32 ,34 ,6 ,6 ,14 ,,1 
286 ,FL,23 ,1 ,J-36（E）,,Y3,2178 ,(149),SH,30 ,18 ,7 ,4 ,14 ,,0 
287 ,CH,,1 ,J-36（E）,,Y3,2225 ,(216),SH,6 ,6 ,1 ,0 ,,,0 
288 ,CH,,1 ,J-36（E）,,Y3,2248 ,(194),SH,12 ,11 ,3 ,0 ,5 ,,0 
289 ,CH,16 ,1 ,J-36（E）,,Y3,2245 ,(226),SH,12 ,14 ,5 ,1 ,6 ,,0 
290 ,CH,,1 ,K-36（E）,,Y3,2267 ,(236),SH,16 ,9 ,5 ,0 ,6 ,,0 
291 ,CH,,1 ,J-35（E）,,Y3,2319 ,(332),SH,12 ,8 ,3 ,0 ,,,0 
292 ,FL,14 ,1 ,J-35（E）,,Y3,2341 ,(333),SH,34 ,34 ,20 ,7 ,5 ,,1 
293 ,CH,17 ,1 ,J-35（E）,,Y3,2356 ,(337),SH,11 ,25 ,21 ,4 ,7 ,,0 
294 ,CH,2 ,1 ,J-36（E）,,Y3,2099 ,59 ,SH,8 ,3 ,11 ,3 ,2 ,,1 
295 ,CH,,1 ,K-36（E）,,Y3,2130 ,108 ,SH,17 ,18 ,4 ,0 ,7 ,,0 
296 ,CH,,1 ,K-36（E）,,Y3,2159 ,64 ,SH,10 ,8 ,6 ,0 ,1 ,,0 
297 ,CH,,1 ,K-36（E）,,Y3,2148 ,48 ,SH,9 ,8 ,2 ,1 ,5 ,,0 
298 ,CH,,1 ,K-36（E）,,Y3,2119 ,56 ,SH,15 ,12 ,6 ,1 ,2 ,,0 
299 ,FL,2 ,1 ,K-36（E）,,Y3,2128 ,13 ,SH,18 ,22 ,5 ,2 ,2 ,,0 
300 ,CH,,1 ,K-36（E）,,Y3,2073 ,17 ,SH,17 ,7 ,2 ,0 ,2 ,,0 
301 ,CH,,1 ,K-36（E）,,Y3,2096 ,(12),SH,13 ,13 ,2 ,0 ,2 ,,0 
302 ,CH,,1 ,J-36（E）,,Y3,2137 ,(37),SH,8 ,10 ,1 ,0 ,9 ,,0 
303 ,CH,,1 ,J-36（E）,,Y3,2146 ,(70),SH,17 ,16 ,4 ,1 ,5 ,,0 
304 ,CH,,1 ,J-36（E）,,Y3,2143 ,(102),SH,7 ,6 ,0 ,0 ,5 ,,0 
305 ,CH,,1 ,J-36（E）,,Y3,2139 ,(112),SH,4 ,7 ,1 ,0 ,2 ,,0 
306 ,CH,,1 ,J-36（E）,,Y3,2144 ,(119),SH,7 ,7 ,1 ,0 ,5 ,,0 
307 ,SP,2 ,1 ,J-36（E）,,Y3,2152 ,(110),SH,42 ,23 ,9 ,8 ,2 ,,1 
308 ,CH,,1 ,J-36（E）,,Y3,2041 ,(150),SH,11 ,9 ,1 ,0 ,14 ,,0 
309 ,CH,,1 ,J-36（E）,,Y3,2047 ,(162),SH,7 ,9 ,1 ,0 ,5 ,,0 
310 ,CH,,1 ,J-36（E）,,Y3,2058 ,(166),SH,10 ,14 ,3 ,0 ,7 ,,0 
311 ,CH,,1 ,J-36（E）,,Y3,2066 ,(162),SH,7 ,12 ,4 ,0 ,,,0 
312 ,CH,,1 ,J-36（E）,,Y3,2057 ,(152),SH,14 ,10 ,2 ,0 ,,,0 
313 ,CH,,1 ,J-36（E）,,Y3,2066 ,(147),SH,7 ,8 ,2 ,0 ,2 ,,0 
314 ,CH,,1 ,J-36（E）,,Y3,2059 ,(140),SH,11 ,14 ,2 ,0 ,,,0 
315 ,FL,2 ,1 ,J-36（E）,,Y3,2070 ,(189),SH,30 ,30 ,6 ,5 ,2 ,,1 
316 ,CH,,1 ,J-36（E）,,Y3,2094 ,(191),SH,5 ,15 ,5 ,1 ,7 ,,0 
317 ,CH,,1 ,J-36（E）,,Y3,2053 ,(244),?,11 ,10 ,2 ,0 ,,,0 
318 ,CH,,1 ,J-36（E）,,Y3,2213 ,(294),SH,9 ,9 ,1 ,0 ,14 ,,0 
319 ,CH,,1 ,J-36（E）,,Y3,2233 ,(303),SH,17 ,13 ,3 ,1 ,5 ,,1 
320 ,CH,,1 ,J-36（E）,,Y3,2251 ,(352),SH,19 ,9 ,3 ,0 ,5 ,,0 
321 ,CH,,1 ,J-36（E）,,Y3,2212 ,(345),SH,10 ,10 ,2 ,0 ,7 ,,0 
322 ,SP,2 ,1 ,J-36（E）,,Y3,2194 ,(334),SH,27 ,13 ,6 ,2 ,2 ,,0 
323 ,FL,,1 ,J-36（E）,,Y3,2213 ,(367),SH,21 ,27 ,3 ,2 ,9 ,,0 
324 ,FL,,1 ,J-36（E）,,Y3,2275 ,(375),SH,21 ,14 ,4 ,1 ,7 ,,0 
325 ,RF,12 ,1 ,J-36（E）,,Y3,2238 ,(412),SH,22 ,32 ,5 ,3 ,5 ,,1 
326 ,FL,,1 ,J-36（E）,,Y3,1853 ,(10),SH,15 ,21 ,2 ,0 ,5 ,,0 
327 ,CH,,1 ,J-36（E）,,Y3,1847 ,(46),SH,20 ,9 ,5 ,0 ,7 ,,0 
328 ,CH,,1 ,J-36（E）,,Y3,1847 ,(99),SH,8 ,12 ,2 ,0 ,2 ,,0 
329 ,CH,2 ,1 ,J-36（E）,,Y3,2212 ,(574),SH,16 ,14 ,3 ,1 ,2 ,,1 
330 ,KN,,1 ,J-36（E）,,Y3,2042 ,(537),SH,30 ,18 ,6 ,3 ,7 ,,0 
331 ,ES,,1 ,J-36（E）,,Y3,,,SH,34 ,26 ,10 ,5 ,10 ,,0 
332 ,FL,,1 ,J-36（E）,,Y3,1973 ,(575),SH,54 ,51 ,16 ,27 ,8 ,,0 
333 ,RF,,1 ,J-36（E）,,Y3,1965 ,(546),SH,27 ,24 ,7 ,4 ,,,0 
334 ,CO,,1 ,J-36（E）,,Y3,1976 ,(547),SH,29 ,35 ,20 ,23 ,,,0 
335 ,CH,17 ,1 ,J-36（E）,,Y3,1912 ,(511),SH,15 ,14 ,4 ,1 ,7 ,,0 
336 ,CH,,1 ,J-36（E）,,Y3,1908 ,(440),SH,12 ,15 ,2 ,0 ,2 ,,0 
337 ,CH,,1 ,J-36（E）,,Y3,1873 ,(419),SH,16 ,17 ,1 ,0 ,7 ,,0 
338 ,FL,,1 ,J-36（E）,,Y3,1864 ,(451),SH,28 ,26 ,6 ,3 ,7 ,,0 
339 ,SP,11 ,1 ,J-36（E）,,Y3,2074 ,(400),SH,63 ,25 ,13 ,20 ,5 ,,1 
340 ,FL,19 ,1 ,J-36（E）,,Y3,2046 ,(386),SH,43 ,14 ,8 ,3 ,10 ,,1 
341 ,FL,,1 ,J-36（E）,,Y3,2020 ,(388),SH,30 ,28 ,6 ,5 ,,,1 
342 ,CH,,1 ,J-36（E）,,Y3,2133 ,(351),SH,15 ,10 ,1 ,0 ,,,0 
343 ,CH,23 ,1 ,J-36（E）,,Y3,2172 ,(345),SH,13 ,6 ,3 ,0 ,14 ,,0 
344 ,CH,,1 ,J-36（E）,,Y3,2160 ,(345),SH,10 ,11 ,2 ,0 ,,,0 
345 ,CH,,1 ,J-36（E）,,Y3,1949 ,(541),SH,11 ,8 ,2 ,0 ,7 ,,0 
346 ,CH,,1 ,J-36（E）,,Y3,1931 ,(518),SH,13 ,9 ,3 ,0 ,7 ,,0 
347 ,CH,,1 ,J-36（E）,,Y3,1996 ,(294),SH,18 ,16 ,5 ,1 ,7 ,,0 
348 ,FL,17 ,1 ,J-36（E）,,Y3,2018 ,(280),SH,41 ,14 ,11 ,6 ,7 ,,0 
349 ,CH,,1 ,J-36（E）,,Y3,2009 ,(306),SH,6 ,10 ,2 ,0 ,7 ,,0 
350 ,FL,,1 ,J-36（E）,,Y3,1947 ,(321),SH,15 ,22 ,7 ,1 ,7 ,,0 
351 ,PI,,1 ,J-36（E）,,Y3,1944 ,(313),SH,35 ,27 ,6 ,7 ,,,1 
352 ,RF,,1 ,J-36（E）,,Y3,1935 ,(313),SH,12 ,13 ,6 ,0 ,,,0 
353 ,FL,,1 ,J-36（E）,,Y3,1837 ,(375),SH,22 ,10 ,3 ,0 ,7 ,,0 
354 ,FL,15 ,1 ,J-36（E）,,Y3,1841 ,(354),SH,31 ,34 ,9 ,5 ,5 ,,0 
355 ,CH,,1 ,J-36（E）,,Y3,1852 ,(304),Sh,11 ,10 ,2 ,0 ,,,0 
356 ,KN,,1 ,J-36（E）,,Y3,1794 ,(362),SH,54 ,17 ,5 ,4 ,21 ,,0 
357 ,SP,15 ,1 ,J-36（E）,,Y3,1766 ,(348),SH,62 ,24 ,8 ,11 ,5 ,,0 
358 ,CH,,1 ,J-36（E）,,Y3,1920 ,(328),SH,19 ,16 ,3 ,,5 ,,0 
359 ,CH,,1 ,J-36（E）,,Y3,1782 ,(347),SH,10 ,9 ,2 ,0 ,8 ,,0 
360 ,CH,,1 ,J-36（E）,,Y3,1895 ,(168),SH,18 ,17 ,4 ,1 ,5 ,,0 
361 ,RF,2 ,1 ,J-36（E）,,Y3,,,SH,13 ,14 ,6 ,1 ,2 ,,1 
362 ,CH,,1 ,J-36（E）,,Y3,1856 ,(147),SH,14 ,16 ,4 ,1 ,,,0 
363 ,SP,15 ,1 ,J-36（E）,,Y3,1837 ,(155),SH,38 ,15 ,10 ,4 ,5 ,,0 
364 ,CH,,1 ,J-36（E）,,Y3,1837 ,(174),SH,20 ,7 ,2 ,0 ,14 ,,0 
365 ,FL,3 ,1 ,J-36（E）,,Y3,1785 ,(242),SH,37 ,33 ,8 ,9 ,3 ,,1 
366 ,CH,,1 ,J-36（E）,,Y3,1811 ,(162),SH,12 ,11 ,3 ,0 ,5 ,,0 
367 ,FL,15 ,1 ,J-36（E）,,Y3,1803 ,(145),SH,27 ,22 ,4 ,3 ,5 ,,0 
368 ,FL,12 ,1 ,J-36（E）,,Y3,1732 ,(211),SH,20 ,21 ,6 ,2 ,5 ,,1 
369 ,CH,,1 ,J-36（E）,,Y3,1741 ,(190),SH,15 ,20 ,9 ,2 ,,,0 
370 ,FL,15 ,1 ,J-36（E）,,Y3,1749 ,(163),SH,24 ,12 ,2 ,1 ,5 ,,0 
371 ,FL,23 ,1 ,J-36（E）,,Y3,1736 ,(156),SH,42 ,24 ,9 ,6 ,14 ,,1 
372 ,CH,,1 ,J-36（E）,,Y3,1731 ,(143),SH,8 ,9 ,1 ,0 ,2 ,,0 
373 ,CH,,1 ,J-36（E）,,Y3,1725 ,(129),SH,13 ,5 ,1 ,0 ,,,0 
374 ,CH,16 ,1 ,J-36（E）,,Y3,1915 ,(244),SH,19 ,19 ,6 ,,6 ,,0 
375 ,FL,,1 ,J-36（E）,,Y3,1915 ,(209),SH,16 ,21 ,2 ,1 ,11 ,,0 
376 ,FL,2 ,1 ,J-36（E）,,Y3,1884 ,(243),SH,19 ,24 ,9 ,3 ,2 ,,1 
377 ,CH,23 ,1 ,J-36（E）,,Y3,1893 ,(213),SH,10 ,8 ,2 ,1 ,14 ,,0 
378 ,CH,,1 ,J-36（E）,,Y3,1891 ,(196),SH,19 ,17 ,3 ,0 ,14 ,,0 
379 ,CH,23 ,,J-36（E）,,Y3,,,SH,8 ,15 ,2 ,0 ,14 ,,0 
380 ,CH,,1 ,J-36（E）,,Y3,1879 ,(226),SH,11 ,13 ,2 ,0 ,10 ,,0 
381 ,CH,,1 ,J-36（E）,,Y3,1883 ,(75),SH,9 ,7 ,3 ,0 ,5 ,,0 
382 ,CH,,1 ,J-36（E）,,Y3,1879 ,(101),SH,12 ,11 ,1 ,0 ,5 ,,0 
383 ,CH,,1 ,J-36（E）,,Y3,1863 ,(113),SH,18 ,13 ,2 ,0 ,,,0 
384 ,CH,,1 ,J-36（E）,,Y3,1863 ,(92),SH,12 ,13 ,3 ,0 ,9 ,,0 
385 ,FL,,1 ,J-36（E）,,Y3,1867 ,(78),SH,31 ,11 ,9 ,2 ,10 ,,1 
386 ,FL,,1 ,J-36（E）,,Y3,1868 ,(64),SH,15 ,24 ,3 ,1 ,7 ,,0 
387 ,FL,18 ,1 ,J-36（E）,,Y3,1863 ,(54),SH,,,,,9 ,,0 
388 ,KN,,1 ,J-36（E）,,Y3,1860 ,(74),SH,61 ,27 ,13 ,18 ,10 ,,1 
389 ,CH,,1 ,J-36（E）,,Y3,1860 ,(66),SH,16 ,11 ,2 ,0 ,14 ,,0 
390 ,FL,,1 ,J-36（E）,,Y3,1866 ,(40),SH,12 ,22 ,3 ,0 ,5 ,,0 
391 ,FL,23 ,1 ,J-36（E）,,Y3,1893 ,(7),SH,25 ,20 ,3 ,1 ,14 ,,0 
392 ,FL,23 ,1 ,J-36（E）,,Y3,1872 ,(1),SH,25 ,29 ,7 ,3 ,14 ,,0 
393 ,CH,,1 ,J-36（E）,,Y3,1804 ,(119),SH,6 ,8 ,5 ,0 ,,,0 
394 ,FL,,1 ,J-36（E）,,Y3,1801 ,(107),SH,22 ,19 ,6 ,1 ,7 ,,1 
395 ,SP,15 ,1 ,J-36（E）,,Y3,1814 ,(73),SH,47 ,18 ,5 ,4 ,5 ,,0 
396 ,SP,2 ,1 ,J-36（E）,,Y3,1811 ,(54),SH,32 ,26 ,5 ,3 ,2 ,,1 
397 ,FL,16 ,1 ,J-36（E）,,Y3,1823 ,(41),SH,15 ,20 ,4 ,1 ,6 ,,1 
399 ,FL,11 ,1 ,J-36（E）,,Y3,1804 ,(31),SH,30 ,33 ,4 ,4 ,5 ,,1 
400 ,FL,16 ,1 ,J-36（E）,,Y3,1797 ,(69),SH,22 ,13 ,5 ,1 ,6 ,,0 
401 ,CH,,1 ,J-36（E）,,Y3,1780 ,(45),SH,15 ,7 ,6 ,6 ,10 ,,0 
402 ,CH,,1 ,J-36（E）,,Y3,1771 ,(75),SH,14 ,10 ,4 ,0 ,14 ,,0 
403 ,KN,,1 ,K-36（E）,,Y3,1827 ,(6),SH,45 ,32 ,7 ,10 ,22 ,,1 
404 ,FL,11 ,1 ,J-36（E）,,Y3,1820 ,(10),SH,41 ,27 ,6 ,3 ,5 ,,0 
405 ,SP,,1 ,J-36（E）,,Y3,1894 ,16 ,SH,27 ,5 ,6 ,0 ,5 ,,0 
406 ,CH,,1 ,J-36（E）,,Y3,1874 ,(57),SH,9 ,10 ,4 ,0 ,,,0 
407 ,PI,,1 ,J-36（E）,,Y3,1843 ,(58),SH,17 ,7 ,5 ,0 ,9 ,,0 
408 ,CH,19 ,1 ,J-36（E）,,Y3,1825 ,(83),SH,13 ,8 ,2 ,0 ,10 ,,0 
409 ,CH,,1 ,J-36（E）,,Y3,1821 ,(98),SH,12 ,8 ,2 ,0 ,5 ,,0 
410 ,CH,,1 ,J-36（E）,,Y3,1825 ,(77),SH,9 ,15 ,4 ,0 ,5 ,,0 
411 ,CH,,1 ,J-36（E）,,Y3,1783 ,(64),SH,12 ,5 ,2 ,0 ,5 ,,0 
412 ,CH,,1 ,J-36（E）,,Y3,1761 ,(59),SH,14 ,10 ,4 ,0 ,2 ,,0 
413 ,CH,,1 ,K-36（E）,,Y3,1830 ,8 ,SH,16 ,15 ,3 ,0 ,5 ,,0 
414 ,CH,,1 ,J-36（E）,,Y3,1827 ,(34),SH,9 ,14 ,1 ,0 ,2 ,,0 
415 ,CH,,1 ,J-36（E）,,Y3,1793 ,80 ,SH,9 ,7 ,2 ,0 ,5 ,,0 
416 ,CH,,1 ,K-36（E）,,Y3,1876 ,(38),SH,10 ,5 ,1 ,0 ,2 ,,0 
417 ,CH,,1 ,J-36（E）,,Y3,1986 ,(195),SH,10 ,7 ,2 ,0 ,5 ,,0 
418 ,CH,,1 ,J-36（E）,,Y3,2086 ,(179),SH,15 ,7 ,1 ,0 ,9 ,,0 
419 ,CH,,3 ,J-36（E）,,Y3,(924),1521 ,SH,9 ,7 ,1 ,0 ,5 ,,0 
420 ,CH,,3 ,M-39（E）,,Y3,(1171),1460 ,SH,18 ,11 ,7 ,1 ,6 ,,0 
421 ,FL,,3 ,M-39（E）,,Y3,(351),769 ,SH,23 ,15 ,9 ,1 ,16 ,,0 
422 ,FL,24 ,3 ,M-39（E）,,Y3,(55),1493 ,SH,59 ,60 ,16 ,28 ,16 ,,1 
423 ,CH,,3 ,M-39（E）,,Y3,(55),1465 ,SH,14 ,10 ,1 ,0 ,16 ,,0 
424 ,CH,,3 ,M-39（E）,,Y3,(90),1470 ,SH,15 ,10 ,6 ,1 ,16 ,,0 
425 ,FL,,3 ,L-39（E）,,Y3,(109),1495 ,SH,51 ,59 ,9 ,21 ,3 ,,1 
426 ,FL,1 ,3 ,M-36（E）,,Y3,(132),1424 ,SH,27 ,16 ,4 ,2 ,1 ,,0 
427 ,FL,,3 ,M-36（E）,,Y3,(143),1462 ,SH,23 ,11 ,5 ,1 ,16 ,,0 
428 ,FL,24 ,3 ,M-36（E）,,Y3,(174),1417 ,SH,32 ,35 ,8 ,10 ,16 ,,1 
429 ,CH,,3 ,M-36（E）,,Y3,(187),1455 ,SH,17 ,10 ,2 ,0 ,,,0 
430 ,FL,4 ,3 ,M-36（E）,,Y3,(210),1485 ,SH,,,,,3 ,,0 
431 ,FL,,3 ,M-38（E）,,Y3,41 ,1324 ,SH,25 ,43 ,11 ,9 ,8 ,,0 
432 ,FL,,3 ,L-39（E）,,Y3,(44),1620 ,SH,24 ,25 ,5 ,26 ,3 ,,1 
433 ,FL,,3 ,L-39（E）,,Y3,(185),1591 ,SH,16 ,22 ,10 ,3 ,15 ,,0 
434 ,CH,,3 ,L-39（E）,,Y3,(193),1555 ,SH,11 ,19 ,2 ,0 ,8 ,,0 
435 ,CH,3 ,3 ,L-39（E）,,Y3,(212),1553 ,SH,20 ,17 ,3 ,1 ,3 ,,0 
436 ,FL,24 ,3 ,M-39（E）,,Y3,(189),1541 ,SH,31 ,33 ,8 ,7 ,16 ,,1 
437 ,FL,5 ,3 ,M-39（E）,,Y4,(1049),1096 ,SH,21 ,17 ,5 ,1 ,3 ,,1 
438 ,CH,,3 ,M-38（E）,,Y4,(890),1073 ,SH,2 ,18 ,7 ,0 ,,,0 
439 ,FL,1 ,3 ,M-38（E）,,Y4,(831),1365 ,SH,18 ,22 ,6 ,2 ,1 ,,0 
440 ,FL,,3 ,L-39（E）,,Y3,,,SH,,,,,3 ,,0 
441 ,CH,,3 ,M-39（E）,,Y3,,,SH,11 ,23 ,2 ,0 ,7 ,,0 
442 ,FL,,3 ,L-38（E）,,Y3,,,SH,33 ,15 ,11 ,3 ,3 ,,0 
443 ,CH,13 ,2 ,K-38（E）,,Y3,,,SH,15 ,19 ,3 ,1 ,5 ,,0 
445 ,RBL,20 ,3 ,M-38（E）,倒木痕,Y4?,,,SH,31 ,19 ,13 ,6 ,11 ,,0 
446 ,RBL,20 ,3 ,M-38（E）,,Y4?,,,SH,36 ,47 ,15 ,23 ,11 ,,0 
447 ,CH,,3 ,M-38（E）,倒木痕,Y4?,,,SH,17 ,12 ,8 ,1 ,7 ,,1 
448 ,RF,5 ,3 ,M-38（E）,倒木痕,Y4?,,,SH,,,,,3 ,,0 
449 ,FL,,,M-17（E）,倒木痕,埋土,,,SH,50 ,50 ,7 ,15 ,,,0 
451 ,BL,,2 ,K-38（E）,,表採,,,SH,41 ,18 ,5 ,3 ,31 ,,1 
452 ,CH,,2 ,K-38（E）,廃土,Y3M,,,SH,17 ,16 ,4 ,1 ,3 ,,0 
453 ,FL,,,K-37（E）,廃土,Y3M,,,SH,26 ,29 ,3 ,2 ,1 ,,0 
454 ,FL,,2 ,J-38（E）,廃土,Y3M,,,SH,21 ,20 ,2 ,1 ,,,0 
455 ,CH,,2 ,K-38（E）,廃土,Y3M,,,SH,17 ,16 ,2 ,0 ,7 ,,0 
456 ,FL,,2 ,K-38（E）,廃土,Y3,,,SH,16 ,21 ,8 ,1 ,2 ,,0 
457 ,CH,,2 ,K-38（E）,廃土,Y3M,,,SH,16 ,13 ,1 ,0 ,7 ,,0 
458 ,FL,17 ,2 ,K-38（E）,,Y3M,,,SH,23 ,12 ,4 ,1 ,7 ,,0 
459 ,CH,16 ,2 ,K-38（E）,廃土,Y3M,,,SH,11 ,13 ,4 ,0 ,6 ,,0 
460 ,CH,,2 ,K-38（E）,廃土,Y3M,,,SH,9 ,3 ,2 ,0 ,,,0 
461 ,FL,,2 ,K-38（E）,廃土,Y3M,,,SH,,4 ,5 ,17 ,,,0 
462 ,CH,,3 ,M-38・39、L-38・39（E）,廃土,Y3M,,,SH,14 ,15 ,4 ,1 ,3 ,,0 
463 ,CH,,3 ,M-38・39、L-38・39（E）,廃土,Y3M,,,SH,9 ,10 ,4 ,0 ,16 ,,0 
464 ,CH,,3 ,M-38・39、L-38・39（E）,廃土,Y3M,,,SH,13 ,9 ,2 ,0 ,5 ,,0 
465 ,CH,,3 ,M-38・39、L-38・39（E）,廃土,Y3M,,,SH,6 ,12 ,2 ,0 ,16 ,,0 
466 ,CH,,,K-37（E）,廃土,Y3,,,SH,11 ,8 ,2 ,0 ,,,0 
467 ,SP,,,K-37（E）,廃土,Y3,,,SH,22 ,7 ,5 ,0 ,,,0 
468 ,CH,,2 ,K-38（E）,廃土,Y3,,,SH,16 ,13 ,2 ,0 ,3 ,,0 
469 ,CH,,2 ,J-38（E）,廃土,Y3,,,SH,18 ,11 ,7 ,0 ,3 ,,0 
470 ,FL,,,J-37（E）,廃土,Y3,,,SH,15 ,22 ,2 ,1 ,,,0 
471 ,RF,9 ,,J-37（E）,廃土,Y3,,,SH,24 ,14 ,5 ,2 ,1 ,,1 
473 ,SP,,1 ,K-35（E）,,Y2,,,SH,31 ,15 ,9 ,2 ,2 ,,0 
475 ,BL,,,K-31（E）,,Y3,,,SH,59 ,22 ,6 ,8 ,32 ,,1 
476 ,RF,25 ,,K-31（E）,,Y3,,,SH,17 ,22 ,5 ,2 ,8 ,,0 
477 ,FL,,,K-31（E）,,Y3,,,SH,34 ,28 ,9 ,6 ,8 ,,1 
478 ,CH,,,K-31（E）,,Y3,,,SH,16 ,19 ,8 ,1 ,13 ,,0 
479 ,FL,,,K-31（E）,,Y3,,,SH,48 ,60 ,12 ,29 ,8 ,,0 
480 ,PI,,,K-31（E）,,Y3,,,SH,50 ,46 ,12 ,27 ,,,0 
481 ,FL,,,K-31（E）,,Y3,,,SH,81 ,48 ,20 ,46 ,8 ,,1 
482 ,FL,,,L-38（E）,,表採,,,SH,29 ,16 ,5 ,2 ,16 ,,0 
483 ,RF,25 ,,J-31（E）,,Y3,,,SH,23 ,23 ,7 ,3 ,8 ,,0 
484 ,RF,,,E,,表採,,,TF,45 ,36 ,11 ,16 ,,,0 
485 ,FL,,,E,,表採,,,?,56 ,51 ,8 ,22 ,,,0 
486 ,CH,,,,,,,,SH,5 ,11 ,2 ,0 ,16 ,,0 
487 ,FL,,3 ,M-38（E）,,Y4,,,SH,23 ,18 ,4 ,1 ,,,0 
488 ,FL,,3 ,M-38（E）,倒木痕,Y4?,,,?,,,,,,,0 
489 ,FL,,,,,,,,?,,,,,,,0 
490 ,FL,7 ,,,,,,,SH,,,,,3 ,,0 
491 ,FL,,,,,,,,?,,,,,,,0 
492 ,FL,,,,,,,,?,,,,,,,0 
493 ,FL,,,,,,,,?,,,,,,,0 
494 ,CH,,1 ,K-36（E）,廃土,Y3M,,,?,16 ,12 ,3 ,0 ,,,0 
496 ,CH,,1 ,K-36（E）,廃土,Y3M,,,SH,11 ,10 ,2 ,0 ,2 ,,0 
497 ,CH,,1 ,K-36（E）,廃土,Y3M,,,SH,14 ,19 ,4 ,1 ,5 ,,0 
498 ,CH,,1 ,K-36（E）,廃土,Y3M,,,SH,19 ,13 ,2 ,1 ,,,0 
499 ,CH,,1 ,K-36（E）,廃土,Y3M,,,SH,11 ,12 ,1 ,0 ,5 ,,0 
500 ,CH,,1 ,K-36（E）,廃土,Y3M,,,SH,11 ,14 ,2 ,0 ,,,0 
501 ,CH,23 ,1 ,K-36（E）,廃土,Y3M,,,SH,11 ,15 ,3 ,0 ,14 ,,0 
502 ,CH,,1 ,K-36（E）,廃土,Y3M,,,SH,8 ,7 ,1 ,0 ,2 ,,0 
503 ,CH,,1 ,K-36（E）,廃土,Y3M,,,SH,18 ,12 ,5 ,1 ,7 ,,0 
504 ,CH,2 ,1 ,K-36（E）,廃土,Y3M,,,SH,18 ,14 ,4 ,1 ,2 ,,0 
505 ,CH,,1 ,K-36（E）,廃土,Y3M,,,SH,10 ,13 ,3 ,0 ,,,0 
506 ,CH,,1 ,K-36（E）,廃土,Y3M,,,SH,9 ,7 ,1 ,0 ,,,0 
507 ,CH,,1 ,K-36（E）,廃土,Y3M,,,SH,8 ,7 ,1 ,0 ,,,0 
508 ,CH,,1 ,K-36（E）,廃土,Y3M,,,SH,13 ,10 ,2 ,0 ,,,0 
509 ,CH,,1 ,K-36（E）,廃土,Y3M,,,SH,8 ,6 ,1 ,0 ,,,0 
510 ,CH,,1 ,K-36（E）,廃土,Y3M,,,SH,9 ,8 ,1 ,0 ,,,0 
511 ,CH,,1 ,K-36（E）,廃土,Y3M,,,SH,12 ,12 ,2 ,0 ,5 ,,0 
512 ,CH,,1 ,K-36（E）,廃土,Y3M,,,SH,9 ,9 ,1 ,0 ,,,0 
513 ,CH,,1 ,K-36（E）,廃土,Y3M,,,SH,6 ,11 ,2 ,0 ,,,0 
514 ,CH,,1 ,K-36（E）,廃土,Y3M,,,SH,12 ,11 ,1 ,0 ,3 ,,0 
515 ,CH,,1 ,K-36（E）,廃土,Y3M,,,SH,6 ,11 ,2 ,0 ,5 ,,0 
516 ,CH,,3 ,M-38・39、L-38・39（E）,廃土,Y3M,,,SH,16 ,16 ,5 ,1 ,,,0 
517 ,CH,,3 ,M-38・39、L-38・39（E）,廃土,Y3M,,,SH,11 ,15 ,2 ,0 ,3 ,,0 
518 ,CH,,3 ,M-38・39、L-38・39（E）,廃土,Y3M,,,SH,9 ,12 ,2 ,0 ,3 ,,0 
519 ,CH,22 ,3 ,M-38・39、L-38・39（E）,廃土,Y3M,,,SH,10 ,9 ,2 ,0 ,13 ,,0 
520 ,CH,,3 ,M-38・39、L-38・39（E）,廃土,Y3M,,,SH,8 ,9 ,2 ,0 ,,,0 
